UT (Unique WOS ID),R0-IR1-RF-qwen2.5,R2-IR9-RF-llama3.2,R6-IR3-RF-qwen2.5,R0-IR1-IF-qwen2.5,R0-IR1-IF-llama3.2,R3-IR6-RF-llama3.2,R1-IR0-RF-llama3.2,R5-IR3-RF-llama3.2,R3-IR2-RF-llama3.2,R2-IR3-RF-qwen2.5,R6-IR3-RF-llama3.2,R3-IR2-RF-qwen2.5,R9-IR2-RF-qwen2.5,R3-IR6-RF-qwen2.5,R1-IR0-IF-llama3.2,R5-IR3-RF-qwen2.5,R1-IR0-IF-qwen2.5,R3-IR5-RF-qwen2.5,R0-IR1-RF-llama3.2,R2-IR3-RF-llama3.2,R1-IR0-RF-qwen2.5,R3-IR5-RF-llama3.2,R9-IR2-RF-llama3.2,R2-IR9-RF-qwen2.5,True_Count,False_Count,Agreement_Rate,Category,Human,Consensus_Label,Consensus_Correct,Consensus_Agrees_With_Human,Article Title_x,Abstract_x
WOS:001042050000001,0,1,0,0,1,1,0,0,0,0,0,0,0,0,1,0,0,0,1,0,0,0,1,0,6,18,0.75,Majority False,1,0,False,False,Safety in lithium-ion battery circularity activities: A framework and evaluation methodology,Lithium-ion batteries (LIBs) can help support sustainability through electric vehicles and energy storage. There is now wide adoption of LIBS and supply sourcing concerns for LIB metals such as cobalt and lithium. LIB End-oflife (EOL) management is essential for LIB metals supply chain resilience. Safety risks within EOL LIBs are potential disruption concerns. In this study safety risks during LIB EOL stages are explored with a circular economy (CE) perspective. Safety risk sources in EOL LIB management and their effects on activities are quantified and ranked by a combined Best-Worst Method (BWM) and Technique for Order of Preference by Similarity to Ideal Solution (TOPSIS) methodology. This methodology combines risk analysis with multi-criteria decision-making (MCDM) to provide initial insights into relative safety risk source improvements. General practical and research implications for future studies about the CE of LIBs emerge from this study's computational and analytical results.
WOS:000540606400005,1,1,0,0,1,1,1,1,1,1,1,0,0,0,1,0,0,0,1,1,0,1,1,0,14,10,0.5833333333333334,Majority True,0,1,False,False,An applied analysis of the recyclability of electric vehicle battery packs,"Current lithium-ion battery (LiB) recycling infrastructure is limited for strategic metals such as lithium and cobalt, despite projections that millions of electric vehicles (EVs) will hit the road in the next decade. Governments have labeled lithium and cobalt as strategic due to their importance in emerging green technologies as well as critical due to the increased risk of supply disruption resulting from geographic supply concentration, low substitutability, and low end-of-life recycling rates (EOL-RR's). This paper aims to assist stakeholders conceptualize EV battery packs as a source of strategic metals and to help improve EOL-RR's for lithium and cobalt. Specifically, this paper demonstrates the value of EV battery packs as a source of metals compared to natural resources and outlines advantages and disadvantages of thermal and mechanical recycling processes in terms of energy consumption, variable costs and maximum recoverable metal value. Findings suggest that EV battery packs contain favorable concentrations - often 1 magnitude higher - of lithium, cobalt, nickel and copper compared to respective economic ores. Disassembling the EV battery pack to the cell level increases cobalt, lithium and nickel concentrations since they are part of the cathode active material. Between thermal and mechanical recycling processes, the key tradeoff is between process time and ability to recover lithium. Thermal recycling requires less processing time than mechanical recycling, resulting in lower variable costs per battery pack, but mechanical recycling yields a higher maximum recoverable metal value since lithium can be recovered along with cobalt, copper and nickel."
WOS:001596883000001,0,0,0,0,1,0,1,0,0,1,1,0,0,0,0,0,1,0,1,0,0,0,1,0,7,17,0.7083333333333334,Majority False,1,0,False,False,The impact of the war in Ukraine on the supply of selected raw materials to Poland and to the European Union,"This article provides an up-to-date picture of the consequences of Russia's armed aggression (supported by Belarus) against Ukraine for the economy of selected non-energy mineral raw materials in Poland and the European Union. Three years from February 2022, when Russia invaded Ukraine, escalating a conflict that began in 2014, it is possible to assess the implications of the war for the Polish industry, as well as its impact on the EU due to the disruption of supplies of certain mineral raw materials from Russia, Belarus and Ukraine. The article also highlights the current challenges facing the Ukrainian mining and processing industry due to limited logistics and war damage, particularly in the eastern part of the country. One of the most significant phenomena to emerge following the outbreak of full-scale conflict is the need to rebuild raw material supply chains in European Union countries. Among the non-energy commodities imported from countries involved in the war, the most significant in terms of value of supply and actual share in satisfying demand in Poland were selected: iron ores and concentrates, carbon black, ferroalloys, nickel, kaolinitic clays (ball and refractory clays), aluminium, potassium salts, lithium oxides and hydroxides. The sectors most at risk from reduced supplies of these minerals have also been identified. These are mainly the iron and steel, and non-ferrous metals industries, and consequently the construction, transport, machinery, engineering, and other related industries, as well as the ceramics industry. Possible measures to reduce supply disruptions for the raw materials analysed include finding new sources (diversification of imports, substitution, growth of domestic production) and improving the efficiency of recycling and the use of secondary raw materials."
WOS:001483173700001,1,0,0,1,1,0,0,0,0,1,0,0,0,0,0,0,1,1,1,0,1,0,0,1,9,15,0.625,Majority False,1,0,False,False,Raw material risk in clean energy technologies and the power supply system: For which materials should price fluctuations be prioritised?,"Transformation strategies for climate-friendly energy systems are often obtained with cost-optimising system models (ESMs). Although technology cost assumptions considerably affect model outputs, the-art ESMs generally do not account for the dependence of technology prices on potential price fluctuations. Owing to the large number of raw materials required in central clean energy (CETs), such as photovoltaics, batteries, offshore and onshore wind power, electrolysers, or fuel future consideration of raw material price fluctuations in ESMs to derive resilient energy system transformation strategies requires prioritising the raw materials considered. We therefore provide a framework for raw materials whose price fluctuations should be explicitly considered in ESM-based energy scenarios. materials associated with the highest CET-specific risk are determined based on an estimate of contributions of selected raw materials to technology costs as well as their geopolitical and supply disruption likelihood (SDL). The analysis is performed both at the level of individual central at the level of power supply scenarios, which aggregate over several CETs. From the system perspective, materials with the highest price risk are steel alloy materials (iron, chromium, nickel), rare earth (neodymium and dysprosium), lithium, and silicon. High-risk materials at the level of individual differ."
WOS:001548944600001,0,1,1,0,1,1,1,1,0,1,1,0,0,0,0,0,1,0,1,1,1,1,1,1,15,9,0.625,Majority True,0,1,False,False,Resource curse in the age of critical minerals: Geopolitical forces and market maturity,"The global demand for critical minerals-such as lithium, cobalt, and rare earth elements-essential to renewable energy and technology, raises concerns about a modern resurgence of Dutch Disease in resource-rich countries. Traditional models focus on internal factors-such as fiscal capacity and institutional quality-to explain how countries manage the economic effects of resource extraction but overlook external conditions like geopolitical competition and the maturity of the specific commodity markets in which these resources are traded. This article introduces a comprehensive framework that integrates these external dimensions, offering a more nuanced perspective on resource curse in a decarbonization context. By addressing supply-side risks of windfall revenues, that are particularly relevant for commodity exporters of the South, we are closing a critical knowledge gap in the energy geopolitics debate, which predominantly focuses on demand-side risks associated with concerns of OECD and BRIC economies, such as energy security and supply chain disruption. The argument is substantiated through four case studies-Indonesia (nickel), Chile (copper), the Democratic Republic of Congo (cobalt), and Argentina (lithium)-which exemplify distinct combinations of commodity market maturity and geopolitical engagement and demonstrate the varied policy trade-offs that result."
WOS:001354155600001,0,1,0,0,1,1,1,1,1,1,1,0,0,1,1,0,1,0,1,1,0,1,1,0,15,9,0.625,Majority True,0,1,False,False,Building a Circular Economy for Lithium: Addressing Global Challenges,"As countries worldwide race toward a green transition, the demand for electric vehicles is surging, and with it comes a growing need for batteries. However, the push for increased domestic mining to secure these materials raises significant concerns about environmental sustainability. Even with stringent regulations, the environmental impact of mining can be profound, posing risks such as biodiversity loss, water pollution, and broader ecological damage. Furthermore, geopolitical tensions could arise as countries whose economic interests are threatened by these initiatives may react adversely. Local communities might also resist mining projects due to concerns over environmental degradation, health risks, and disruptions to their livelihoods. Given the critical importance of metals in the ecological transition, this challenge must be approached with the same urgency and global coordination as a pandemic response. Just as the world mobilized unprecedented resources to tackle COVID-19, a similarly robust approach is necessary to ensure the availability of critical metals for a sustainable future. This paper suggests potential pathways for academic, technological, and societal advancements within the framework of a circular economy for lithium, aiming to secure a sustainable supply of this essential resource."
WOS:001167907100001,0,0,0,1,1,0,1,0,0,1,0,0,0,0,0,0,0,0,1,0,0,0,0,0,5,19,0.7916666666666666,Majority False,1,0,False,False,Critical raw materials in the global high-throughput ceramic industry,"The high-throughput ceramic industry is exposed, at the global level, to the risk of shortage and/or sudden price growth of raw materials, particularly Critical Raw Materials (CRMs). The goal of the present study is to overview the dependence on CRMs of a sector transforming a large amount of mineral resources, i.e. the ceramic manufacturing and its supply chain (wall and floor tiles, sanitaryware and tableware, frits and glazes, pigments and inks, and so on). For this purpose, a critical assessment with expert consultation was carried out to quantify demand, uses, recycling and possible substitutes of CRMs. Such data allowed assessing the risk exposure for the ceramic industry at the global level, at the light of expected trends in production and demand for every CRM. The various subsectors into which the high-throughput ceramic industry is divided are exposed differently to supply risk. The production of inks, pigments, dyes and effects for ceramic decoration is mainly exposed to supply risk, and similarly that of frits, glazes and grinding media. End-users of these materials (in particular tile manufacturers) are equally exposed to risk, albeit indirectly. However, the direct use of CRMs in ceramic bodies occurs massively only for feldspar (in different percentages in wall and floor tiles, sanitaryware, and tableware). Other subsectors (silicate refractories and insulators, clay bricks and roof tiles, machinery components, etc.) do not make use of or only make occasional use of certain CRMs. The ceramic industry must implement actions to mitigate the different degrees of supply risk to which the CRM is exposed. The extreme risk (Cobalt and Praseodymium) makes it necessary to search for substitutes and technological solutions to reduce CRM consumption. These actions are also recommended in the case of high risk (Antimony and Lithium). The recommended actions to mitigate moderate risk (Barium, Bismuth, Borates, Feldspar, Tungsten, Vanadium and Yttrium) consist mainly of strengthening the supply chain and improving resource efficiency. No action appears to be necessary for low risk (Cerium, Manganese, Phosphate and Platinum Group), while no risk has been found for Fluorine and Niobium. To ensure the access to CRMs without disruptions, it is appropriate to envisage a medium-long term strategy, involving the various players in the ceramic supply chain."
WOS:001325326500001,0,0,0,1,1,0,0,0,0,1,0,0,0,0,0,0,0,0,1,0,0,1,0,0,5,19,0.7916666666666666,Majority False,1,0,False,False,A de-risking toolkit for legal practitioners: the Core Critical and Strategic Minerals Compendium,"Over the course of the past decade, critical and strategic minerals lists have soared in popularity globally. Though nomenclature may range from critical minerals to critical raw materials, the core understanding is generally one informed by critical functionality - often linked to the energy or digital transition or to military purposes - and economic scarcity, which renders it vulnerable to supply chain disruptions. This paper develops a compendium of core critical and strategic minerals with global importance by comparing the critical and strategic minerals lists of ten jurisdictions (Australia, Canada, China, the European Union, India, Japan, the Republic of Korea, South Africa, the United Kingdom, and the United States) and collating a single list on the basis of clear majority representation. Because most mining law practitioners are not trained geologists, the paper then unpacks information that will be valuable to practitioners who encounter a given critical mineral in their practice: Where is it listed as a critical and strategic mineral? Geopolitically speaking, what does the world's security of supply look like? What are its main uses and why is it critical? How is it mined and refined, and are there any particular associated risks? What are the social and environmental impacts that are specifically associated with this mineral (as opposed to impacts broadly associated with all mining)? How easily substitutable is this commodity (given that that constitutes an economic risk to the mine)? Finally, what is the position regarding recyclability? Critical and strategic minerals vary in important ways from one another. The careful practitioner will want to derisk critical and strategic mineral projects in a targeted manner, mindful of the characteristics of the commodity at hand. Thus a rare earths project raises different considerations than a lithium one. Bespoke contracts require insight into the characteristics of critical and strategic minerals, as outlined in the Core Critical and Strategic Minerals Compendium."
WOS:001194970700004,0,1,0,1,1,1,1,1,1,1,1,0,0,0,1,0,1,0,1,1,0,1,1,0,15,9,0.625,Majority True,0,1,False,False,Value Chains in the Raw Materials Industry - the Example of the Cobalt Value Chain,"The global development of electromobility and the innovation of life are becoming increasingly noticeable. A direct implication of this is the increase in demand for modern products and services, their components and thus the raw materials necessary to produce them (e.g. cobalt, lithium, rare earth metals). In the European Union (EU), raw materials related to strategic sectors - renewable energy, electric mobility, defense and aerospace and digital technologies - show a very strong dependence on import throughout the entire value chain. In the case of eleven out of thirty of the so-called critical raw materials (CRM), necessary for the energy transition, the EU's dependence on import exceeds 85%. Global supply chains, which had already been strained, were further affected by the COVID-19 pandemic and the exacerbated geopolitical situations leading to even greater shortages of critical raw materials in Europe and leaving the industry facing challenges in securing access to resources. An implication of this was the European Parliament's position on critical raw material legislation in September 2023, which called on the EU to increase its processing capacity across the value chain and enable the production of at least 40% of the annual consumption of strategic raw materials by 2030. Growing importance in the transition to a low -emission economy is attributed to cobalt (Co), which is an essential component both in the production of electric vehicles (EV), stationary energy storage and in the developing sectors of wind energy, fuel cell systems and hydrogen storage technologies, robotics, unmanned vehicles (drones) and 3D printing as well as in digital technologies. Securing the supply of such raw material is crucial for the European Union's economic resilience, technological advantage and strategic autonomy. The purpose of this article is to present and analyze the concept of value chains as strategic models of long-term development and ensuring efficiency from a sustainable perspective. According to the authors, a detailed analysis of value chains may enable defining strategic directions of action and identifying the risks of their disruption or interruption. To give a practical dimension to the presented analyses, the example of the cobalt value chain is provided and the determinants of its functioning on the current market along with development prospects are indicated."
